{
  "version": "1.0.0",
  "bundles": [
    {
      "uri": "lib.mvvm",
      "pkg": "com.weapon.joker.lib.mvvm"
    },
    {
      "uri": "lib.middleware",
      "pkg": "com.weapon.joker.lib.middleware"
    },
    {
      "uri": "lib.style",
      "pkg": "com.weapon.joker.lib.style"
    },
    {
      "uri": "lib.net",
      "pkg": "com.weapon.joker.lib.net"
    },
    {
      "uri": "lib.view",
      "pkg": "com.weapon.joker.lib.view"
    },
    {
      "uri":"lib.video",
      "pkg":"com.weapon.joker.lib.video"
    },
    {
      "uri": "main",
      "pkg": "com.weapon.joker.app.main"
    },
    {
      "uri": "home",
      "pkg": "com.weapon.joker.app.home"
    },
    {
      "uri": "message",
      "pkg": "com.weapon.joker.app.message"
    },
    {
      "uri": "mine",
      "pkg": "com.weapon.joker.app.mine"
    }
  ]
}
